email,username,gender,birthdate,region,location
breannakey@example.com,woodssamuel,M,1977-11-13,South America,Dominica
nking@example.org,xcox,M,1967-10-10,Africa,Christmas Island
waltonlucas@example.net,johnny04,M,2005-12-16,Oceania,Bolivia
joshua90@example.net,darin21,M,1991-08-15,Oceania,Cayman Islands
qlowery@example.org,kylebond,F,1960-12-19,Oceania,Tajikistan
tammylee@example.org,kathryn83,F,1950-03-22,South America,French Polynesia
kingkristen@example.net,steven13,F,1994-12-20,South America,Sudan
shawn35@example.com,scopeland,F,2003-11-12,South America,Comoros
jonathan33@example.com,gonzalezkaren,F,1990-04-16,Asia,Mauritius
duransabrina@example.net,angela32,F,1935-12-25,Europe,Qatar
laura29@example.net,amynicholson,M,1942-04-24,Asia,Bahamas
susan54@example.com,jenniferrodriguez,M,2001-08-09,Oceania,Turkey
lburton@example.net,ramirezalex,F,1990-02-18,Asia,Norfolk Island
kellerchelsea@example.org,joneslinda,F,2003-05-19,North America,Armenia
michellebrown@example.com,timkoch,F,1948-09-11,North America,Madagascar
ujones@example.net,alansloan,M,2005-06-16,North America,Saint Helena
michaelvelasquez@example.com,william22,F,1993-02-19,Africa,Central African Republic
cheryladams@example.org,katiejones,F,1948-01-04,Africa,Czech Republic
oshepard@example.com,rallen,M,1957-12-06,Africa,India
michaelpeters@example.org,larry34,F,1968-01-27,Africa,Cyprus
